Date,Username
2/19/2016,awatson0
6/20/2016,dwashington1
7/13/2016,jlawrence2
7/30/2016,kbailey3
7/18/2016,callen4
5/24/2016,hnguyen5
6/1/2016,mgonzalez6,
10/25/2016,nhayes7
11/17/2016,balexander8,eryan8
4/6/2016,bsanchez9
10/31/2016,dwallacea
8/20/2016,ijonesb,erileyb
5/21/2016,ppowellc,jburnsc
2/11/2016,driverad
6/26/2016,mwilsone,
11/28/2016,cwebbf,
1/24/2016,pjacobsg
7/10/2016,dwarrenh,jwoodsh
9/5/2016,jaustini
3/28/2016,jbowmanj,
3/4/2016,bwelchk
12/12/2016,drichardsl,
2/8/2016,rgriffinm,tcarrm
1/9/2016,rmatthewsn
10/4/2016,swardo,
9/25/2016,dsullivanp,
11/17/2016,rcruzq
10/13/2016,medwardsr,jlawrencer
12/10/2016,awellss
2/22/2016,ksimpsont,adavist
2/19/2016,rsimmonsu,
7/15/2016,llopezv
7/4/2016,fgordonw
1/7/2016,bcunninghamx,
2/2/2016,jsullivany
6/13/2016,ahunterz,
9/21/2016,jromero10,
4/20/2016,pbrooks11
7/6/2016,ssullivan12
4/6/2016,dchavez13,
11/1/2016,cstevens14,
10/11/2016,pcarter15
12/19/2016,mhoward16,rmedina16
10/26/2016,gray17,
9/17/2016,arichardson18
3/13/2016,awagner19,tfrazier19
5/27/2016,mtaylor1a
4/12/2016,sbradley1b
5/14/2016,pvasquez1c
5/20/2016,ahawkins1d
8/8/2016,mhayes1e,
6/16/2016,rgriffin1f,jboyd1f
3/7/2016,priley1g,
11/11/2016,jweaver1h
11/19/2016,ndavis1i,
12/31/2016,lcook1j,erichardson1j
2/11/2016,scollins1k
8/9/2016,cperkins1l
11/15/2016,bpayne1m,
12/25/2016,mkim1n,kgeorge1n
9/5/2016,aphillips1o,tjackson1o
5/23/2016,rwoods1p,
3/30/2016,cramirez1q
1/15/2016,cmccoy1r,
9/7/2016,bwashington1s,
8/22/2016,jgreen1t
7/25/2016,gfuller1u,fcarroll1u
6/17/2016,cwright1v
8/17/2016,jburton1w
3/9/2016,mnelson1x
7/6/2016,drice1y
5/13/2016,tward1z,
1/16/2016,arivera20
3/2/2016,chicks21
2/12/2016,bandrews22,
11/29/2016,pmartin23
10/12/2016,ballen24
12/9/2016,rgardner25,
2/18/2016,rlawson26,
8/7/2016,mnelson27,
6/20/2016,rwallace28
9/5/2016,lwatson29,
9/29/2016,gwoods2a,
5/14/2016,jbaker2b
11/4/2016,wrichardson2c,
8/29/2016,rwallace2d,nanderson2d
8/12/2016,acastillo2e
6/10/2016,kschmidt2f
2/4/2016,jgeorge2g
1/8/2016,mevans2h
7/31/2016,solson2i
12/14/2016,hedwards2j,
8/30/2016,shanson2k,rcarter2k
9/28/2016,srose2l
7/6/2016,ablack2m
10/22/2016,bcunningham2n,mhunt2n
9/24/2016,prodriguez2o
3/19/2016,bmitchell2p
11/8/2016,mperkins2q,
9/29/2016,rfreeman2r,afox2r
7/9/2016,lhenry2s,
2/6/2016,bstephens2t,
2/1/2016,jbennett2u
10/13/2016,rgilbert2v
4/19/2016,khunter2w
5/2/2016,glawson2x,
4/17/2016,mmartin2y
12/25/2016,bmartin2z,tarmstrong2z
11/18/2016,edaniels30,
12/11/2016,alynch31,
9/10/2016,mspencer32
4/10/2016,rcollins33
3/20/2016,mkelley34
4/16/2016,rjones35,ngeorge35
5/1/2016,aperkins36,
11/9/2016,aallen37,
8/21/2016,jnelson38,
2/12/2016,kturner39
3/25/2016,whudson3a,
6/10/2016,vhunt3b
2/17/2016,bfrazier3c,
11/12/2016,bjohnson3d,
11/27/2016,jfox3e
12/2/2016,jdixon3f,jwelch3f
6/25/2016,rbailey3g,
12/27/2016,nwood3h,
7/21/2016,dstevens3i
7/27/2016,ahunter3j,
4/8/2016,tlopez3k
10/8/2016,treynolds3l
12/25/2016,lcooper3m,cbennett3m
3/17/2016,kbennett3n,
7/22/2016,jcooper3o
2/10/2016,nwells3p,
7/29/2016,jthomas3q,mprice3q
10/3/2016,gcollins3r
12/1/2016,wweaver3s
6/13/2016,dharper3t,
3/8/2016,tdean3u
1/14/2016,psimmons3v
9/3/2016,bstone3w,nhicks3w
2/22/2016,rwatkins3x
7/10/2016,larnold3y,levans3y
2/8/2016,fgomez3z
5/6/2016,mwillis40,
7/10/2016,ihayes41
7/18/2016,jhayes42
7/19/2016,powens43
7/5/2016,jcunningham44,
,,
1/15/2016,kcoleman46,
7/29/2016,mrodriguez47
7/8/2016,kphillips48
4/30/2016,tmartin49
3/15/2016,rfuller4a,
10/2/2016,kvasquez4b
12/18/2016,sfowler4c
7/28/2016,jhoward4d,
7/28/2016,klawson4e
6/9/2016,jgilbert4f
4/3/2016,clane4g,cwood4g
2/3/2016,amoore4h,
10/7/2016,bwilliamson4i
4/7/2016,dlawrence4j,
11/5/2016,jbell4k,
4/20/2016,lmartinez4l,
11/29/2016,efuller4m,whudson4m
2/15/2016,ladams4n,
5/12/2016,csanchez4o
7/7/2016,jcoleman4p
3/27/2016,hward4q,rchavez4q
7/5/2016,mmurray4r,
10/27/2016,bschmidt4s,lkelley4s
3/22/2016,afisher4t
6/23/2016,pgarrett4u,
5/6/2016,cperez4v,
8/3/2016,tmoreno4w,
9/24/2016,nperry4x,
11/4/2016,ewebb4y,
6/6/2016,rross4z,
12/1/2016,jowens50
2/15/2016,rmyers51
7/28/2016,dgonzales52
11/18/2016,rduncan53
9/5/2016,rortiz54,
4/4/2016,kmartinez55
8/9/2016,hmccoy56,
7/31/2016,ksims57,
3/10/2016,wsimpson58,
5/6/2016,jbishop59
10/23/2016,jgriffin5a,acampbell5a
9/18/2016,cpowell5b
9/2/2016,cfisher5c
10/2/2016,khill5d,
4/28/2016,rmontgomery5e
5/31/2016,hjames5f
7/16/2016,hedwards5g
2/8/2016,ddavis5h,
5/11/2016,bmccoy5i,
6/23/2016,lburke5j,wflores5j
6/15/2016,kbryant5k
4/23/2016,amason5l,
1/12/2016,mgray5m
6/18/2016,shunt5n
4/30/2016,shayes5o
,,
1/27/2016,kblack5q
2/15/2016,mcampbell5r
12/11/2016,acollins5s
5/22/2016,mrogers5t
1/4/2016,rkelly5u,
1/30/2016,ebailey5v
12/19/2016,ccarroll5w,mwest5w
8/13/2016,itaylor5x,
5/29/2016,dduncan5y,dcox5y
11/25/2016,pwilson5z,
2/29/2016,tward60,
2/20/2016,agarrett61,
5/16/2016,psnyder62,jlopez62
4/29/2016,jspencer63,jcoleman63
9/11/2016,clopez64,
8/28/2016,swalker65
11/26/2016,jgarza66,kmurray66
2/3/2016,bhunt67
6/12/2016,bwatkins68,
10/6/2016,swatkins69,
2/10/2016,jmitchell6a,
12/26/2016,ssanders6b
12/1/2016,jwoods6c,
4/19/2016,nlong6d,ccox6d
11/12/2016,mnguyen6e
12/28/2016,cruiz6f
6/19/2016,swells6g
1/5/2016,cfields6h,
1/27/2016,rchapman6i,mbryant6i
1/12/2016,asimpson6j
12/9/2016,ewheeler6k
12/31/2016,sflores6l,
3/23/2016,cortiz6m,
7/4/2016,jstewart6n
12/31/2016,mhoward6o,
11/9/2016,fowens6p
2/17/2016,gkelley6q,
12/24/2016,dnichols6r,
3/9/2016,sford6s
2/9/2016,mlane6t
10/16/2016,nadams6u,
10/29/2016,cwatson6v,
9/24/2016,jwashington6w,
7/6/2016,jsanchez6x,
1/13/2016,ccarter6y,sfreeman6y
1/7/2016,hallen6z,elewis6z
10/9/2016,danderson70
1/13/2016,jfoster71
8/15/2016,jgreene72
8/12/2016,rstewart73
7/22/2016,jbell74
4/23/2016,maustin75
10/27/2016,aprice76
10/28/2016,rblack77
9/28/2016,ssanders78
6/15/2016,sgilbert79,
5/4/2016,emorrison7a,
1/24/2016,krichards7b,
1/16/2016,kjames7c
1/29/2016,psanchez7d
3/9/2016,mmoreno7e,
6/16/2016,sgarcia7f
4/24/2016,salexander7g,
1/3/2016,bmoore7h
12/3/2016,abrown7i
1/18/2016,rperkins7j,mhanson7j
9/14/2016,jwood7k
9/14/2016,thawkins7l
10/28/2016,kwood7m
12/6/2016,dcampbell7n,
10/10/2016,chart7o,
8/5/2016,tjackson7p,agonzales7p
3/9/2016,gjacobs7q,
7/8/2016,sfisher7r,
12/28/2016,bmorrison7s,
3/17/2016,bhanson7t,
2/29/2016,dfrazier7u,pjones7u
7/26/2016,mmontgomery7v
1/21/2016,ghenry7w
4/6/2016,kmendoza7x
7/10/2016,kalvarez7y
5/8/2016,dward7z
7/2/2016,sbanks80
12/26/2016,wsimpson81
4/10/2016,jdunn82
8/23/2016,abaker83,
7/19/2016,mdean84
10/26/2016,jbrown85,
8/14/2016,jarnold86,pgriffin86
12/22/2016,sfuller87
1/24/2016,rrobinson88,
9/22/2016,gshaw89,acarroll89
1/14/2016,sporter8a,smontgomery8a
3/11/2016,chart8b
10/25/2016,swagner8c
3/29/2016,mfowler8d
2/15/2016,lortiz8e
4/30/2016,hwoods8f
9/7/2016,apowell8g,
7/24/2016,jtorres8h,
8/14/2016,kharrison8i
6/3/2016,alee8j,
7/29/2016,jwebb8k,pfowler8k
12/11/2016,rfreeman8l,rgarza8l
9/27/2016,pfowler8m,
6/9/2016,jmendoza8n
7/12/2016,rharris8o,jaustin8o
10/18/2016,amyers8p,
11/27/2016,amendoza8q,jarmstrong8q
8/18/2016,mkelly8r,
10/24/2016,athompson8s
9/4/2016,jyoung8t,
11/8/2016,vpeters8u,
11/23/2016,jaustin8v
3/10/2016,roliver8w
9/9/2016,jharris8x,
6/8/2016,afields8y,
2/28/2016,eparker8z
3/27/2016,abanks90
6/26/2016,jbrown91,cchavez91
10/22/2016,nwilson92
6/30/2016,bpeters93
3/1/2016,mpeterson94
10/7/2016,lwatkins95,
4/16/2016,panderson96,
11/27/2016,jolson97,dgriffin97
11/21/2016,drivera98,
2/25/2016,cstevens99
4/16/2016,phudson9a
4/16/2016,hmontgomery9b,
9/1/2016,swright9c
7/10/2016,balvarez9d,csims9d
11/18/2016,khawkins9e
4/14/2016,bcarr9f,
,,
5/10/2016,pholmes9h,krichardson9h
5/13/2016,lramos9i,kharvey9i
10/5/2016,swatson9j,
6/30/2016,sbowman9k
12/15/2016,emcdonald9l,
6/11/2016,awalker9m,
1/31/2016,efields9n,
12/21/2016,cpayne9o
4/12/2016,jbrown9p
4/30/2016,chansen9q,
7/19/2016,jblack9r
9/20/2016,nmoreno9s,psanchez9s
10/10/2016,lfreeman9t,mlawrence9t
9/14/2016,kortiz9u
10/18/2016,larnold9v,
11/25/2016,fgonzalez9w,jstewart9w
,
10/1/2016,awillis9y,jpatterson9y
11/28/2016,tjohnston9z
10/26/2016,jdaya0,dwebba0
10/17/2016,rhuntera1
4/24/2016,ddunna2,
10/11/2016,vdavisa3,
12/16/2016,jturnera4,
12/1/2016,ecarra5
7/16/2016,sreynoldsa6,
4/7/2016,ghansena7
7/13/2016,dwellsa8
4/30/2016,vevansa9,
5/28/2016,mcooperaa
2/1/2016,jhansenab,
7/8/2016,jmillerac
5/30/2016,emorrisonad
10/5/2016,jgilbertae
9/13/2016,aruizaf
8/7/2016,jreyesag,kthompsonag
12/8/2016,jjohnstonah
1/8/2016,bpowellai
2/24/2016,vgibsonaj
12/9/2016,fmillerak
2/9/2016,gmeyeral
1/12/2016,kreidam,
10/31/2016,aarnoldan
3/20/2016,lgreenao
12/10/2016,dleeap,
7/5/2016,cbradleyaq
6/2/2016,kstevensar,
12/20/2016,bmcdonaldas
1/2/2016,spetersonat,
12/12/2016,vhillau
1/26/2016,rgardnerav,cwilsonav
6/26/2016,mblackaw,thendersonaw
11/10/2016,smorrisax
9/12/2016,jpetersay
2/1/2016,rfordaz
1/23/2016,spierceb0
5/21/2016,hrodriguezb1
1/18/2016,ncarrollb2,
9/5/2016,jmurphyb3
3/28/2016,gcollinsb4,
3/4/2016,rwoodb5
7/28/2016,smartinezb6,amoralesb6
7/14/2016,wfergusonb7
12/22/2016,ariceb8
4/1/2016,jwilliamsb9,
7/9/2016,cmcdonaldba,sramirezba
5/17/2016,icrawfordbb,
1/31/2016,jwhitebc
1/11/2016,pknightbd,
9/3/2016,jreynoldsbe,
6/25/2016,jharrisonbf
10/8/2016,kwatsonbg,
7/28/2016,cstonebh,
8/2/2016,whillbi,ataylorbi
2/24/2016,bstewartbj,
9/11/2016,chamiltonbk,
9/23/2016,sowensbl,smeyerbl
12/1/2016,wcollinsbm,
10/25/2016,rmccoybn
11/23/2016,amccoybo,jhallbo
5/19/2016,jwebbbp
1/21/2016,rcrawfordbq
11/28/2016,jthompsonbr
2/13/2016,bhamiltonbs,
2/24/2016,jholmesbt,
12/31/2016,mnicholsbu,
5/24/2016,imurraybv
1/24/2016,afloresbw
7/7/2016,cmillerbx,
5/1/2016,jroseby
4/15/2016,gpiercebz
11/27/2016,mcollinsc0,
3/30/2016,vcollinsc1
3/23/2016,whillc2
8/19/2016,mcarpenterc3,
1/4/2016,jcookc4
10/5/2016,mmeyerc5
2/16/2016,jwoodsc6,
3/30/2016,awardc7,
12/10/2016,gsimpsonc8
11/9/2016,wfosterc9,
10/26/2016,ncrawfordca,
8/20/2016,tsimscb,
5/15/2016,fperkinscc,rkennedycc
2/29/2016,lbakercd,tramoscd
8/4/2016,rcruzce,
2/16/2016,jburkecf,
4/6/2016,jpiercecg
4/9/2016,jbennettch,
2/20/2016,amccoyci,
3/21/2016,preyescj
9/27/2016,sparkerck
4/6/2016,kwarrencl
11/28/2016,ecrawfordcm,
4/10/2016,alarsoncn,
12/21/2016,ebutlerco
9/12/2016,tmartinezcp,
7/11/2016,hcoopercq
10/2/2016,alawrencecr
2/16/2016,vfostercs,twallacecs
9/25/2016,lvasquezct
5/2/2016,fmcdonaldcu,
1/18/2016,hortizcv,
1/11/2016,agrahamcw
3/8/2016,dcastillocx,
2/25/2016,cnelsoncy
1/12/2016,rmyerscz,brosecz
8/7/2016,sjacksond0
1/23/2016,tlopezd1,
2/3/2016,cfisherd2,
3/6/2016,vmontgomeryd3,cfreemand3
5/4/2016,ffosterd4
7/31/2016,tweaverd5,
9/24/2016,sgardnerd6
1/21/2016,jfordd7,dramirezd7
3/21/2016,bjamesd8
8/28/2016,fgomezd9,rwilliamsond9
5/28/2016,tharveyda,
1/9/2016,ajordandb
5/26/2016,jbakerdc,
3/30/2016,cpetersondd
3/15/2016,tgibsonde,cramosde
9/17/2016,pperrydf,
11/6/2016,jbishopdg,
4/13/2016,rsimmonsdh,
7/12/2016,aalexanderdi,
6/2/2016,pstephensdj
7/2/2016,abishopdk,
10/3/2016,swashingtondl,
9/17/2016,sbakerdm
9/5/2016,kpattersondn
1/8/2016,pperrydo,
6/19/2016,klarsondp,
5/27/2016,ecooperdq,
7/6/2016,mweaverdr,
3/19/2016,akimds,
4/28/2016,mricedt,
12/12/2016,aelliottdu
2/16/2016,jhalldv
1/13/2016,bbradleydw
7/21/2016,mmorenodx,
1/6/2016,lsimmonsdy,
6/6/2016,ereyesdz
11/11/2016,lcrawforde0,
,,
2/5/2016,jmillere2,
10/27/2016,ksimpsone3,
9/18/2016,delliotte4,
5/25/2016,srosse5,
7/6/2016,swagnere6
2/10/2016,hmillse7,
1/10/2016,dmatthewse8
6/25/2016,jrogerse9
11/24/2016,hperezea
2/16/2016,kfullereb
3/10/2016,hspencerec,afrazierec
5/1/2016,sandrewsed
9/25/2016,dtayloree,mfrazieree
4/14/2016,mrobertsef
10/8/2016,csimmonseg,
4/1/2016,lwellseh,
11/23/2016,pwheelerei,cgarrettei
7/4/2016,pblackej
10/4/2016,kreynoldsek,jgrantek
12/15/2016,gwalkerel,
10/21/2016,jhayesem,
1/12/2016,tkennedyen
4/22/2016,jhenryeo
8/30/2016,mhamiltonep,
5/9/2016,bwellseq
3/14/2016,tsmither,
11/22/2016,lgrahames
8/23/2016,dgrayet,
5/25/2016,sfergusoneu
6/30/2016,lrogersev,
10/22/2016,hrichardsew
1/23/2016,shillex,
4/20/2016,ksimpsoney,atuckerey
1/19/2016,sfloresez
11/1/2016,lmillsf0
4/25/2016,wshawf1,jsimmonsf1
3/13/2016,rpetersonf2
7/6/2016,dgrahamf3,
8/20/2016,lmurphyf4
4/19/2016,schapmanf5,
11/9/2016,twoodsf6
9/17/2016,mbryantf7,wclarkf7
1/6/2016,bgrahamf8,
9/24/2016,srossf9,jhansenf9
9/21/2016,rbowmanfa,
1/16/2016,edavisfb,
10/16/2016,dmasonfc
10/17/2016,lbryantfd
12/25/2016,dhallfe
10/29/2016,pwilsonff,kandrewsff
10/7/2016,lwoodfg,
6/17/2016,cwilliamsonfh
6/10/2016,mcampbellfi
11/26/2016,wmeyerfj,
4/24/2016,cjenkinsfk,jyoungfk
11/8/2016,shuntfl
5/20/2016,gmarshallfm,agreenefm
2/6/2016,jjacksonfn,cgarrettfn
2/14/2016,rthomasfo
4/4/2016,ehenryfp,
11/25/2016,cwheelerfq
2/27/2016,cmccoyfr,achapmanfr
2/5/2016,tchapmanfs
5/27/2016,cporterft,mblackft
9/8/2016,eharrisfu
12/22/2016,hkennedyfv
5/12/2016,malvarezfw,scastillofw
9/24/2016,rfrazierfx,
7/7/2016,adiazfy
5/13/2016,jmatthewsfz,jmitchellfz
10/22/2016,dcunninghamg0,
10/25/2016,phowardg1,
5/29/2016,athomasg2,
8/31/2016,gellisg3,
4/30/2016,creyesg4,jyoungg4
6/27/2016,akimg5,
11/1/2016,kowensg6
1/4/2016,jwheelerg7,jortizg7
6/9/2016,jshawg8,solsong8
5/29/2016,jfoxg9
10/20/2016,nmarshallga,
1/9/2016,dstevensgb
5/4/2016,kwestgc
11/17/2016,cbrowngd,
10/26/2016,gwheelerge
10/3/2016,mstanleygf,
1/27/2016,hedwardsgg,
9/16/2016,lcartergh
10/7/2016,npowellgi,fwebbgi
3/29/2016,khallgj,mrogersgj
1/11/2016,awatsongk
9/22/2016,clonggl
4/23/2016,dlonggm,bnicholsgm
7/16/2016,cjamesgn,
1/2/2016,jwilliamsongo,sbarnesgo
7/7/2016,rgonzalesgp
5/21/2016,kgeorgegq,wperkinsgq
11/20/2016,rchapmangr,kwagnergr
9/26/2016,kwebbgs
9/19/2016,mstanleygt
5/7/2016,kruizgu,
2/10/2016,rwoodgv,
8/23/2016,hreynoldsgw,
1/4/2016,jnelsongx,
4/23/2016,kwilliamsongy
2/17/2016,tolivergz,
7/14/2016,kwallaceh0
7/12/2016,wwillish1,
9/4/2016,jroseh2
4/15/2016,jjacksonh3,
10/27/2016,srobertsh4
8/20/2016,crileyh5
5/21/2016,nbradleyh6,cdunnh6
2/21/2016,efowlerh7
3/3/2016,tcoxh8,
11/10/2016,nstevensh9,
5/28/2016,pknightha,
3/19/2016,jarmstronghb,
9/9/2016,kmorrisonhc
3/11/2016,djohnstonhd,
8/2/2016,apattersonhe,tandrewshe
7/18/2016,jhansenhf,aruizhf
9/25/2016,kjohnstonhg
10/11/2016,jmorrishh,
1/14/2016,lwilsonhi,
7/5/2016,jalvarezhj,maustinhj
3/24/2016,jsullivanhk
9/11/2016,dphillipshl
12/28/2016,hmartinhm
8/16/2016,djenkinshn
12/15/2016,shendersonho
11/11/2016,mduncanhp,
9/4/2016,pscotthq,anicholshq
12/13/2016,challhr,
12/1/2016,sburkehs,
12/7/2016,awagnerht
7/26/2016,awoodshu,
11/27/2016,efisherhv,
1/17/2016,rmillshw,
5/2/2016,rcarterhx,
3/4/2016,arosehy,
10/17/2016,sgreenehz,
8/3/2016,ckennedyi0
5/1/2016,tclarki1,
11/5/2016,arosei2,
8/6/2016,lcruzi3,jelliotti3
4/12/2016,brobertsoni4,
8/21/2016,pgreeni5
4/5/2016,rfosteri6
10/23/2016,mdixoni7,
12/4/2016,sramirezi8,
12/7/2016,mcunninghami9,jmccoyi9
10/9/2016,jmurrayia,
4/27/2016,crichardsib,
11/20/2016,saustinic,jblackic
3/2/2016,eharperid,
4/14/2016,dberryie,
2/29/2016,candrewsif,
10/27/2016,dfisherig,
4/1/2016,lmontgomeryih,
5/15/2016,vsimsii,
5/25/2016,tbennettij
8/27/2016,jhillik
2/26/2016,dandersonil,lmartinezil
2/8/2016,ccarterim,
2/22/2016,dharrisonin,
11/21/2016,nmcdonaldio,dcastilloio
11/28/2016,hbrooksip,bscottip
8/29/2016,probertsiq,
11/18/2016,jsnyderir,lperryir
4/30/2016,rbanksis,
5/6/2016,arussellit,
12/28/2016,ascottiu,
8/20/2016,clittleiv
9/3/2016,mstephensiw,
9/28/2016,khughesix,
3/25/2016,tharperiy
5/16/2016,gwashingtoniz,
5/12/2016,cbradleyj0
6/16/2016,coliverj1,jedwardsj1
4/19/2016,klopezj2,
8/27/2016,pelliottj3,
5/16/2016,lpalmerj4
6/25/2016,twrightj5
8/15/2016,jjonesj6
3/19/2016,awatsonj7
3/29/2016,jfosterj8,
6/9/2016,srichardsonj9,
1/16/2016,kburkeja
8/9/2016,briverajb
10/18/2016,raustinjc
9/20/2016,bwilliamsonjd,
11/1/2016,jjamesje,
12/20/2016,kgibsonjf,wpalmerjf
4/7/2016,ajohnstonjg
2/27/2016,cwellsjh,
1/2/2016,pschmidtji
2/3/2016,tduncanjj,
10/30/2016,gblackjk,
5/10/2016,landersonjl
8/7/2016,llopezjm,
1/24/2016,pbutlerjn,
3/31/2016,pbryantjo
12/12/2016,eortizjp,
11/7/2016,pbanksjq
12/9/2016,fbishopjr
3/23/2016,sreidjs
9/8/2016,rburnsjt,jreyesjt
1/10/2016,bchavezju
7/1/2016,jgriffinjv,
8/22/2016,emorrisonjw,
1/25/2016,felliottjx,
6/7/2016,cmurphyjy,
7/14/2016,rburnsjz
10/31/2016,plawsonk0
12/15/2016,tjacobsk1,
7/16/2016,rholmesk2,ebryantk2
11/20/2016,hgrayk3,
5/3/2016,ljohnsonk4
1/17/2016,dsnyderk5,cbradleyk5
,,rhuntk6
8/28/2016,rharveyk7
12/8/2016,bfowlerk8,
10/7/2016,mburtonk9
,,
2/27/2016,jmurraykb,
2/29/2016,bgrahamkc,
11/28/2016,warmstrongkd
11/27/2016,redwardske,
1/22/2016,jparkerkf,
10/22/2016,amillerkg
11/16/2016,bhickskh
8/30/2016,jtuckerki,
8/30/2016,mmeyerkj
2/25/2016,fraykk
3/22/2016,bhickskl,
9/21/2016,greynoldskm,
12/28/2016,bhunterkn,barnoldkn
9/15/2016,rcarrollko,
10/14/2016,kdixonkp,
8/17/2016,acoxkq,kcruzkq
7/16/2016,dcarpenterkr,
9/22/2016,agarciaks,gdavisks
12/29/2016,kmeyerkt,
9/2/2016,ckelleyku,lrussellku
1/4/2016,estevenskv
11/8/2016,cadamskw,
6/4/2016,jhamiltonkx
3/9/2016,sjacksonky
8/20/2016,jsimskz,
11/25/2016,edanielsl0,
3/6/2016,psimmonsl1
3/19/2016,marmstrongl2,jsimmonsl2
7/9/2016,jcooperl3,
2/6/2016,sknightl4
4/24/2016,jboydl5,
5/4/2016,jharveyl6,jriveral6
1/25/2016,kcarrolll7
6/30/2016,rhuntl8,
9/22/2016,progersl9,
3/30/2016,astanleyla,
5/15/2016,fhalllb,
9/2/2016,adunnlc
4/8/2016,kstoneld
8/5/2016,lmatthewsle
3/24/2016,rwatkinslf,
8/9/2016,bandrewslg,dsanderslg
10/18/2016,mcoxlh,
7/9/2016,rbradleyli
1/20/2016,pdavislj,
12/21/2016,gsanchezlk,
10/24/2016,jrichardsll
9/10/2016,hmoraleslm,
12/21/2016,cpetersln
11/25/2016,mjohnsonlo
11/20/2016,praylp
2/21/2016,jpeterslq,
6/22/2016,pgardnerlr
6/30/2016,hreidls,marnoldls
3/6/2016,rfergusonlt,
11/27/2016,fburkelu
7/11/2016,dblacklv,
5/17/2016,sbradleylw,
11/28/2016,awardlx
9/16/2016,nhowellly,
4/6/2016,dbankslz,
9/15/2016,rwoodsm0,ihernandezm0
6/6/2016,jholmesm1,
10/22/2016,hwoodm2,sramosm2
8/20/2016,aturnerm3,
8/30/2016,kreedm4
6/23/2016,ediazm5,swhitem5
12/1/2016,rreynoldsm6,
6/21/2016,aboydm7,
6/4/2016,sbellm8
11/10/2016,ctorresm9,
3/7/2016,mkimma
7/9/2016,ndiazmb
,
8/11/2016,jjohnsonmd,
9/28/2016,jbrooksme
4/19/2016,dreidmf,
12/12/2016,khansenmg,
2/6/2016,srogersmh,
9/5/2016,ehuntmi
5/28/2016,hreyesmj
4/27/2016,fjordanmk,
4/19/2016,jmurrayml
1/6/2016,jbaileymm
10/13/2016,tcarrmn
2/5/2016,mwebbmo,jstephensmo
8/3/2016,amarshallmp,cperezmp
3/24/2016,srodriguezmq,eburkemq
2/10/2016,lbanksmr
7/11/2016,dbarnesms
12/9/2016,mellismt,
9/17/2016,rmorenomu,
,,
12/20/2016,lfullermw
6/17/2016,rrobinsonmx,jthomasmx
11/28/2016,wlewismy
3/28/2016,rcoopermz,
12/15/2016,jmorrisonn0,
1/27/2016,trobertsn1
5/18/2016,kriveran2
6/1/2016,ckingn3,chayesn3
2/16/2016,rwatkinsn4
5/29/2016,dmeyern5
12/16/2016,dlawsonn6,
5/15/2016,apattersonn7,
5/11/2016,dpricen8,smarshalln8
4/28/2016,baustinn9
9/26/2016,dmasonna,
4/28/2016,jpiercenb,
3/10/2016,blawrencenc,dhowardnc
10/27/2016,rhenrynd,
,,
7/28/2016,dbellnf
3/9/2016,gmarshallng,
11/21/2016,jwatsonnh
8/10/2016,nfloresni,
2/22/2016,dnelsonnj,hpetersnj
12/7/2016,rrussellnk
1/24/2016,jalexandernl,
12/6/2016,selliottnm,
4/1/2016,msmithnn
10/11/2016,kcoleno,
1/20/2016,devansnp
10/18/2016,rfordnq,
11/12/2016,jmoorenr,skimnr
8/1/2016,lricens,dgrayns
7/11/2016,lcolent,
9/25/2016,bmendozanu,sgordonnu
5/10/2016,rgrahamnv,
3/14/2016,mfishernw
3/8/2016,jmarshallnx,
10/25/2016,bjamesny
12/26/2016,mharrisnz,
12/8/2016,wjohnsono0,
7/26/2016,lcarpentero1,
9/27/2016,rphillipso2,
8/26/2016,rgeorgeo3,
12/9/2016,cgreeneo4,khayeso4
6/12/2016,ptayloro5,
3/17/2016,jcartero6
8/4/2016,kmedinao7
11/10/2016,bkimo8,
11/25/2016,ssimso9
2/20/2016,ngreenoa,kevansoa
6/28/2016,ghallob
1/20/2016,byoungoc,
3/21/2016,ddixonod
11/15/2016,sgreenoe
5/15/2016,earnoldof,
2/7/2016,rhamiltonog,jgardnerog
1/20/2016,tsandersoh
8/27/2016,lmatthewsoi
10/23/2016,amarshalloj
10/31/2016,jhartok,
3/10/2016,drogersol,
6/20/2016,sjordanom,
10/5/2016,jcooperon
2/5/2016,hsimmonsoo,jpierceoo
1/3/2016,dtaylorop
2/4/2016,drossoq,
11/13/2016,driveraor,
10/6/2016,jbaileyos,
11/10/2016,srossot,
10/17/2016,jbakerou,
12/25/2016,smoralesov,
4/13/2016,rbellow,
5/13/2016,plongox,ngrahamox
3/8/2016,pdanielsoy
10/22/2016,sarmstrongoz
10/22/2016,fsnyderp0,
3/26/2016,amyersp1,
3/31/2016,jthompsonp2,
12/2/2016,pperezp3,
11/16/2016,selliottp4
3/6/2016,tmurrayp5
2/28/2016,rlopezp6
5/29/2016,preedp7,dperryp7
9/24/2016,cfergusonp8,
8/24/2016,abarnesp9
2/28/2016,jlawrencepa,
8/4/2016,rwillispb
5/25/2016,rlarsonpc,
12/31/2016,acunninghampd,
6/30/2016,jparkerpe,
9/13/2016,brobertsonpf,rfoxpf
10/6/2016,awatsonpg,
8/3/2016,tchapmanph
10/30/2016,sevanspi,
6/28/2016,sperrypj,rrussellpj
8/26/2016,dgutierrezpk,
1/15/2016,bmarshallpl,jhartpl
10/27/2016,pmeyerpm,
8/3/2016,gjohnsonpn
11/13/2016,bmyerspo
1/11/2016,kmarshallpp
1/6/2016,khawkinspq,
8/29/2016,sgreenepr,vbellpr
4/19/2016,lsmithps,mcoleps
12/3/2016,dvasquezpt,tcunninghampt
9/1/2016,dgonzalespu,
2/2/2016,jboydpv
7/31/2016,bandrewspw
12/18/2016,egonzalezpx,
2/1/2016,mhansenpy
6/18/2016,dmartinezpz
8/30/2016,jstoneq0,
2/15/2016,dkennedyq1,
1/31/2016,tcarrq2
7/16/2016,jnguyenq3,
6/17/2016,slongq4
9/17/2016,dharrisonq5,
5/14/2016,pallenq6,
11/21/2016,wmorrisq7
5/1/2016,mharrisonq8,
6/6/2016,jburkeq9,
5/9/2016,rwrightqa
8/17/2016,rjohnstonqb
11/17/2016,aarnoldqc,jlaneqc
10/7/2016,ncruzqd
5/9/2016,sthompsonqe,
4/30/2016,hporterqf,
12/19/2016,kgrantqg,
8/20/2016,gwallaceqh,egutierrezqh
3/19/2016,kgonzalezqi
4/12/2016,jaustinqj,
7/31/2016,jhartqk
7/12/2016,jcookql,
6/16/2016,gjordanqm
8/12/2016,rfergusonqn
5/6/2016,mdunnqo
6/2/2016,rmccoyqp
10/24/2016,tpattersonqq,
12/26/2016,kwillisqr,
2/11/2016,cpayneqs
12/18/2016,nhowardqt
9/25/2016,driveraqu,nrogersqu
7/8/2016,sgeorgeqv
8/31/2016,talexanderqw,
11/17/2016,kweaverqx
5/12/2016,jrobinsonqy
6/2/2016,aleeqz
7/15/2016,jwoodsr0,mlawsonr0
12/11/2016,cwelchr1,dhallr1
4/25/2016,asandersr2
2/11/2016,rlawsonr3
4/8/2016,rphillipsr4
9/8/2016,aellisr5,
8/27/2016,drodriguezr6,cthompsonr6
3/19/2016,jstewartr7,kolsonr7
2/27/2016,dcolemanr8,
8/9/2016,pbryantr9
1/7/2016,dcolemanra,
11/23/2016,jgutierrezrb,
11/12/2016,jarnoldrc,jjacobsrc
4/1/2016,rcruzrd,bburkerd
10/28/2016,sandersonre,
1/27/2016,mrobertsonrf,
10/9/2016,fhughesrg
7/27/2016,jcarterrh
10/23/2016,jrogersri
4/26/2016,mbanksrj,
11/15/2016,twoodsrk
12/4/2016,jwardrl,
8/9/2016,kmillsrm,vgrahamrm
7/7/2016,bmurphyrn,
5/21/2016,jramosro,
4/20/2016,agreenrp,tgrahamrp
5/6/2016,kcarpenterrq
11/1/2016,cwoodrr
